StepId,RecordingId,ProcessId,TimeStamp,StepName,StepDescription,ApplicationProcessName,ApplicationParentWindowName,AutomationStep,NextStepId,label_EventName,label_EventId,Process_Name,Connectors
0,Recording_146,Process_28,2021-12-15T08:17:18+00:00,Press button in window,Microsoft Teams - 1 running window in Quick Launch Bar,,,"[""UIAutomation.PressButton Button: appmask['Quick Launch Bar']['Microsoft Teams - 1 running window']\n""]",2.0,Verify the approval from higher management for business trip to Delhi,Event_671,approvals/googlecalendar/msnweather,Approvals
1,Recording_146,Process_28,2021-12-15T08:17:23+00:00,Select menu option in window,"Menu Item 'More added apps Toolbar' in Pane 'General  ...  Teams, Main Window'",Teams,"General (Project RoadMap) | Microsoft Teams, Main Window","[""UIAutomation.SelectMenuOption Control: appmask['Pane \\'General  ...  Teams, Main Window\\'']['Menu Item \\'More added apps Toolbar\\'']\n""]",3.0,Verify the approval from higher management for business trip to Delhi,Event_671,approvals/googlecalendar/msnweather,Approvals
2,Recording_146,Process_28,2021-12-15T08:17:34+00:00,Click UI element in window,"List Item 'Approvals  ...  more actions' in Pane 'General  ...  Teams, Main Window'",Teams,"General (Project RoadMap) | Microsoft Teams, Main Window","[""UIAutomation.Click Element: appmask['Pane \\'General  ...  Teams, Main Window\\'']['List Item \\'Approvals  ...  more actions\\''] ClickType: UIAutomation.ClickType.LeftClick OffsetX: 24 OffsetY: 1 MousePositionRelativeToElement: UIAutomation.RectangleEdgePoint.TopLeft\n""]",4.0,Verify the approval from higher management for business trip to Delhi,Event_671,approvals/googlecalendar/msnweather,Approvals
3,Recording_146,Process_28,2021-12-15T08:17:40+00:00,Select tab in window,"Tab Item 'Sent' in Pane 'General  ...  Teams, Main Window'",Teams,"General (Project RoadMap) | Microsoft Teams, Main Window","[""UIAutomation.SelectTab Tab: appmask['Pane \\'General  ...  Teams, Main Window\\'']['Tab Item \\'Sent\\'']\n""]",5.0,Verify the approval from higher management for business trip to Delhi,Event_671,approvals/googlecalendar/msnweather,Approvals
4,Recording_146,Process_28,2021-12-15T08:17:47+00:00,Click UI element in window,"Data Item 'Business Trip' in Pane 'General  ...  Teams, Main Window'",Teams,"General (Project RoadMap) | Microsoft Teams, Main Window","[""UIAutomation.Click Element: appmask['Pane \\'General  ...  Teams, Main Window\\'']['Data Item \\'Business Trip\\''] ClickType: UIAutomation.ClickType.LeftClick OffsetX: 38 OffsetY: -5 MousePositionRelativeToElement: UIAutomation.RectangleEdgePoint.MiddleLeft\n""]",6.0,Verify the approval from higher management for business trip to Delhi,Event_671,approvals/googlecalendar/msnweather,Approvals
5,Recording_146,Process_28,2021-12-15T08:17:53+00:00,Click UI element in window,"Group in Pane 'General  ...  Teams, Main Window'",Teams,"General (Project RoadMap) | Microsoft Teams, Main Window","[""UIAutomation.Click Element: appmask['Pane \\'General  ...  Teams, Main Window\\'']['Group'] ClickType: UIAutomation.ClickType.LeftClick OffsetX: -54 OffsetY: 15 MousePositionRelativeToElement: UIAutomation.RectangleEdgePoint.TopCenter\n""]",7.0,Verify the approval from higher management for business trip to Delhi,Event_671,approvals/googlecalendar/msnweather,Approvals
6,Recording_146,Process_28,2021-12-15T08:18:02+00:00,Press button in window,Outlook 2013 - 1 running window in Quick Launch Bar,,,"[""UIAutomation.PressButton Button: appmask['Quick Launch Bar']['Outlook 2013 - 1 running window']\n""]",8.0,Go to calendar to check date as per national holidays,Event_672,approvals/googlecalendar/msnweather,Googlecalendar
7,Recording_146,Process_28,2021-12-15T08:18:05+00:00,Press button in window,Button 'Calendar' in Window 'Inbox - Email@Domain - Outlook',OUTLOOK,Inbox - Email@Domain - Outlook,"[""UIAutomation.PressButton Button: appmask['Window \\'Inbox - Email@Domain - Outlook\\'']['Button \\'Calendar\\'']\n""]",9.0,Go to calendar to check date as per national holidays,Event_672,approvals/googlecalendar/msnweather,Googlecalendar
8,Recording_146,Process_28,2021-12-15T08:18:14+00:00,Click UI element in window,"List 'Month View,  ...  2, 2022 12:00am' in Window 'Calendar - Name - Outlook'",OUTLOOK,Calendar - Name - Outlook,"[""UIAutomation.Click Element: appmask['Window \\'Calendar - Name - Outlook\\'']['List \\'Month View,  ...  2, 2022 12:00am\\''] ClickType: UIAutomation.ClickType.LeftClick OffsetX: 137 OffsetY: -157 MousePositionRelativeToElement: UIAutomation.RectangleEdgePoint.BottomCenter\n""]",14.0,Go to calendar to check date as per national holidays,Event_672,approvals/googlecalendar/msnweather,Googlecalendar
9,Recording_146,Process_28,2021-12-15T08:18:29+00:00,Click UI element in window,"List 'Month View,  ...  2, 2022 12:00am' in Window 'Calendar - Name - Outlook'",OUTLOOK,Calendar - Name - Outlook,"[""UIAutomation.Click Element: appmask['Window \\'Calendar - Name - Outlook\\'']['List \\'Month View,  ...  2, 2022 12:00am\\''] ClickType: UIAutomation.ClickType.RightClick OffsetX: 9 OffsetY: -153 MousePositionRelativeToElement: UIAutomation.RectangleEdgePoint.BottomCenter\n""]",15.0,Go to calendar to check date as per national holidays,Event_672,approvals/googlecalendar/msnweather,Googlecalendar
10,Recording_146,Process_28,2021-12-15T08:18:33+00:00,Select menu option in window,Menu Item 'New Appointment' in Window 'Calendar - Name - Outlook',OUTLOOK,Calendar - Name - Outlook,"[""UIAutomation.SelectMenuOption Control: appmask['Window \\'Calendar - Name - Outlook\\'']['Menu Item \\'New Appointment\\'']\n""]",16.0,Schedule a date for trip,Event_673,approvals/googlecalendar/msnweather,Googlecalendar
11,Recording_146,Process_28,2021-12-15T08:18:44+00:00,Click UI element in window,Document 'Subject' in Window 'Untitled - Appointment  ',OUTLOOK,Untitled - Appointment  ,"[""UIAutomation.Click Element: appmask['Window \\'Untitled - Appointment  \\'']['Document \\'Subject\\''] ClickType: UIAutomation.ClickType.LeftClick OffsetX: 33 OffsetY: 2 MousePositionRelativeToElement: UIAutomation.RectangleEdgePoint.MiddleLeft\n""]",17.0,Schedule a date for trip,Event_673,approvals/googlecalendar/msnweather,Googlecalendar
12,Recording_146,Process_28,2021-12-15T08:18:46+00:00,Send keys,TextToSend:'{LShiftKey}(B)usiness {RShiftKey}(T)rip',,,"['WAIT 2\n', ""MouseAndKeyboard.SendKeys TextToSend: '{LShiftKey}(B)usiness{Space}{RShiftKey}(T)rip'\n""]",18.0,Schedule a date for trip,Event_673,approvals/googlecalendar/msnweather,Googlecalendar
13,Recording_146,Process_28,2021-12-15T08:18:53+00:00,Click UI element in window,Combo Box 'Location' in Window 'Untitled - Appointment  ',OUTLOOK,Untitled - Appointment  ,"[""UIAutomation.Click Element: appmask['Window \\'Untitled - Appointment  \\'']['Combo Box \\'Location\\''] ClickType: UIAutomation.ClickType.LeftClick OffsetX: 30 OffsetY: -1 MousePositionRelativeToElement: UIAutomation.RectangleEdgePoint.MiddleLeft\n""]",19.0,Schedule a date for trip,Event_673,approvals/googlecalendar/msnweather,Googlecalendar
14,Recording_146,Process_28,2021-12-15T08:18:55+00:00,Send keys,TextToSend:'{RShiftKey}(D)elhi',,,"['WAIT 2\n', ""MouseAndKeyboard.SendKeys TextToSend: '{RShiftKey}(D)elhi'\n""]",20.0,Schedule a date for trip,Event_673,approvals/googlecalendar/msnweather,Googlecalendar
15,Recording_146,Process_28,2021-12-15T08:19:12+00:00,Click UI element in window,Pane 'AfxWndW' in Window 'Business Trip - Appointment  ',OUTLOOK,Business Trip - Appointment  ,"[""UIAutomation.Click Element: appmask['Window \\'Business Trip - Appointment  \\'']['Pane \\'AfxWndW\\''] ClickType: UIAutomation.ClickType.LeftClick OffsetX: 4 OffsetY: 0 MousePositionRelativeToElement: UIAutomation.RectangleEdgePoint.MiddleLeft\n""]",21.0,Schedule a date for trip,Event_673,approvals/googlecalendar/msnweather,Googlecalendar
16,Recording_146,Process_28,2021-12-15T08:19:19+00:00,Click UI element in window,Pane 'Afx:800:0:6:0',OUTLOOK,,"[""UIAutomation.Click Element: appmask['Pane \\'Afx:800:0:6:0\\''] ClickType: UIAutomation.ClickType.LeftClick OffsetX: 30 OffsetY: -13 MousePositionRelativeToElement: UIAutomation.RectangleEdgePoint.BottomLeft\n""]",22.0,Schedule a date for trip,Event_673,approvals/googlecalendar/msnweather,Googlecalendar
17,Recording_146,Process_28,2021-12-15T08:19:21+00:00,Click UI element in window,Pane 'AfxWndW' 2 in Window 'Business Trip - Appointment  ',OUTLOOK,Business Trip - Appointment  ,"[""UIAutomation.Click Element: appmask['Window \\'Business Trip - Appointment  \\'']['Pane \\'AfxWndW\\' 2'] ClickType: UIAutomation.ClickType.LeftClick OffsetX: -3 OffsetY: 3 MousePositionRelativeToElement: UIAutomation.RectangleEdgePoint.MiddleCenter\n""]",23.0,Schedule a date for trip,Event_673,approvals/googlecalendar/msnweather,Googlecalendar
18,Recording_146,Process_28,2021-12-15T08:19:24+00:00,Click UI element in window,Pane 'Afx:800:0:6:0',OUTLOOK,,"[""UIAutomation.Click Element: appmask['Pane \\'Afx:800:0:6:0\\''] ClickType: UIAutomation.ClickType.LeftClick OffsetX: 22 OffsetY: -2 MousePositionRelativeToElement: UIAutomation.RectangleEdgePoint.MiddleCenter\n""]",24.0,Schedule a date for trip,Event_673,approvals/googlecalendar/msnweather,Googlecalendar
19,Recording_146,Process_28,2021-12-15T08:19:30+00:00,Press button in window,Button 'Save & Close' in Window 'Business Trip - Appointment  ',OUTLOOK,Business Trip - Appointment  ,"[""UIAutomation.PressButton Button: appmask['Window \\'Business Trip - Appointment  \\'']['Button \\'Save & Close\\'']\n""]",26.0,Schedule a date for trip,Event_673,approvals/googlecalendar/msnweather,Googlecalendar
20,Recording_146,Process_28,2021-12-15T08:19:46+00:00,Click UI element in window,List Item 'New Tab - Google Chrome' in List 'Task Switcher',,Task Switcher,"[""UIAutomation.Click Element: appmask['List \\'Task Switcher\\'']['List Item \\'New Tab - Google Chrome\\''] ClickType: UIAutomation.ClickType.LeftClick OffsetX: -52 OffsetY: -38 MousePositionRelativeToElement: UIAutomation.RectangleEdgePoint.BottomRight\n""]",27.0,Check weather for the desired location,Event_674,approvals/googlecalendar/msnweather,msnweather
21,Recording_146,Process_28,2021-12-15T08:19:52+00:00,Populate text field in window,Edit 'Address and search bar' in Pane 'New Tab - Google Chrome - Person 1'; Text:'msnweather',chrome,New Tab - Google Chrome - Person 1,"[""UIAutomation.PopulateTextField TextField: appmask['Pane \\'New Tab - Google Chrome - Person 1\\'']['Edit \\'Address and search bar\\''] Text: 'msnweather' Mode: UIAutomation.PopulateTextMode.Replace ClickType: UIAutomation.PopulateMouseClickType.SingleClick\n""]",28.0,Check weather for the desired location,Event_674,approvals/googlecalendar/msnweather,msnweather
22,Recording_146,Process_28,2021-12-15T08:19:53+00:00,Send keys,TextToSend:'{Return}',,,"['WAIT 2\n', ""MouseAndKeyboard.SendKeys TextToSend: '{Return}'\n""]",29.0,Check weather for the desired location,Event_674,approvals/googlecalendar/msnweather,msnweather
23,Recording_146,Process_28,2021-12-15T08:19:59+00:00,Click UI element in window,Hyperlink ' Forecast  ...  › we-city' in Pane 'New Tab - Google Chrome - Person 1',chrome,New Tab - Google Chrome - Person 1,"[""UIAutomation.Click Element: appmask['Pane \\'New Tab - Google Chrome - Person 1\\'']['Hyperlink \\' Forecast  ...  › we-city\\''] ClickType: UIAutomation.ClickType.LeftClick OffsetX: 34 OffsetY: 3 MousePositionRelativeToElement: UIAutomation.RectangleEdgePoint.MiddleLeft\n""]",30.0,Check weather for the desired location,Event_674,approvals/googlecalendar/msnweather,msnweather
24,Recording_146,Process_28,2021-12-15T08:20:02+00:00,Select tab in window,Tab Item 'Severe Weather' in Pane 'New Tab - Google Chrome - Person 1',chrome,New Tab - Google Chrome - Person 1,"[""UIAutomation.SelectTab Tab: appmask['Pane \\'New Tab - Google Chrome - Person 1\\'']['Tab Item \\'Severe Weather\\'']\n""]",31.0,Check weather for the desired location,Event_674,approvals/googlecalendar/msnweather,msnweather
25,Recording_146,Process_28,2021-12-15T08:20:04+00:00,Send keys,TextToSend:'{RShiftKey}(D)elhi',,,"['WAIT 2\n', ""MouseAndKeyboard.SendKeys TextToSend: '{RShiftKey}(D)elhi'\n""]",32.0,Check weather for the desired location,Event_674,approvals/googlecalendar/msnweather,msnweather
26,Recording_146,Process_28,2021-12-15T08:20:13+00:00,Click UI element in window,"List Item 'Delhi, India' in Pane 'New Tab - Google Chrome - Person 1'",chrome,New Tab - Google Chrome - Person 1,"[""UIAutomation.Click Element: appmask['Pane \\'New Tab - Google Chrome - Person 1\\'']['List Item \\'Delhi, India\\''] ClickType: UIAutomation.ClickType.LeftClick OffsetX: -33 OffsetY: 9 MousePositionRelativeToElement: UIAutomation.RectangleEdgePoint.TopCenter\n""]",33.0,Check weather for the desired location,Event_674,approvals/googlecalendar/msnweather,msnweather
27,Recording_146,Process_28,2021-12-15T08:20:19+00:00,Click UI element in window,List Item in Pane 'New Tab - Google Chrome - Person 1',chrome,New Tab - Google Chrome - Person 1,"[""UIAutomation.Click Element: appmask['Pane \\'New Tab - Google Chrome - Person 1\\'']['List Item'] ClickType: UIAutomation.ClickType.LeftClick\n""]",35.0,Check weather for the desired location,Event_674,approvals/googlecalendar/msnweather,msnweather
28,Recording_146,Process_28,2021-12-15T08:20:36+00:00,Press button in window,Button 'Wed 22 20° 8°' in Pane 'New Tab - Google Chrome - Person 1',chrome,New Tab - Google Chrome - Person 1,"[""UIAutomation.PressButton Button: appmask['Pane \\'New Tab - Google Chrome - Person 1\\'']['Button \\'Wed 22 20° 8°\\'']\n""]",36.0,Check weather for the desired location,Event_674,approvals/googlecalendar/msnweather,msnweather
29,Recording_146,Process_28,2021-12-15T08:20:40+00:00,Select tab in window,Tab Item 'Hourly' in Pane 'New Tab - Google Chrome - Person 1',chrome,New Tab - Google Chrome - Person 1,"[""UIAutomation.SelectTab Tab: appmask['Pane \\'New Tab - Google Chrome - Person 1\\'']['Tab Item \\'Hourly\\'']\n""]",,Check weather for the desired location,Event_674,approvals/googlecalendar/msnweather,msnweather
0,Recording_147,Process_28,2021-12-15T08:43:39+00:00,Press button in window,Microsoft Teams - 1 running window in Quick Launch Bar,,,"[""UIAutomation.PressButton Button: appmask['Quick Launch Bar']['Microsoft Teams - 1 running window']\n""]",2.0,Verify the approval from higher management for business trip to Delhi.,Event_675,approvals/googlecalendar/msnweather,Approvals
1,Recording_147,Process_28,2021-12-15T08:43:52+00:00,Drag and drop UI element in window,"List Item 'Approvals  ...  more actions' in Pane in Pane 'General  ...  Teams, Main Window'",Teams,"General (Project RoadMap) | Microsoft Teams, Main Window","[""UIAutomation.DragAndDropElement MouseDownOffsetY: 8 MouseDownOffsetX: 5 RectangleEdgePointForMouseDown: UIAutomation.RectangleEdgePoint.TopLeft ControlToDrag: appmask['Pane \\'General  ...  Teams, Main Window\\'']['Pane'] MouseUpOffsetY: 24 MouseUpOffsetX: -14 RectangleEdgePointForMouseUp: UIAutomation.RectangleEdgePoint.TopLeft ControlToDropOver: appmask['Pane \\'General  ...  Teams, Main Window\\'']['List Item \\'Approvals  ...  more actions\\''] ClickType: UIAutomation.DragAndDropClickType.LeftClick\n""]",3.0,Verify the approval from higher management for business trip to Delhi.,Event_675,planner/googlecalendar/wordonlinebusiness,Planner
2,Recording_147,Process_28,2021-12-15T08:44:09+00:00,Click UI element in window,"Data Item 'Business Trip' in Pane 'General  ...  Teams, Main Window'",Teams,"General (Project RoadMap) | Microsoft Teams, Main Window","[""UIAutomation.Click Element: appmask['Pane \\'General  ...  Teams, Main Window\\'']['Data Item \\'Business Trip\\''] ClickType: UIAutomation.ClickType.LeftClick OffsetX: -42 OffsetY: 3 MousePositionRelativeToElement: UIAutomation.RectangleEdgePoint.MiddleCenter\n""]",4.0,Verify the approval from higher management for business trip to Delhi.,Event_675,approvals/googlecalendar/msnweather,Approvals
3,Recording_147,Process_28,2021-12-15T08:44:33+00:00,Press button in window,Outlook 2013 - 1 running window in Quick Launch Bar,,,"[""UIAutomation.PressButton Button: appmask['Quick Launch Bar']['Outlook 2013 - 1 running window']\n""]",5.0,Go to calendar to check date as per national holidays.,Event_676,approvals/googlecalendar/msnweather,Googlecalendar
4,Recording_147,Process_28,2021-12-15T08:44:59+00:00,Click UI element in window,"List 'Month View, 29  ...  2022 12:00am' in Window 'Calendar - Email@Domain - Outlook'",OUTLOOK,Calendar - Email@Domain - Outlook,"[""UIAutomation.Click Element: appmask['Window \\'Calendar - Email@Domain - Outlook\\'']['List \\'Month View, 29  ...  2022 12:00am\\''] ClickType: UIAutomation.ClickType.LeftClick OffsetX: -54 OffsetY: -170 MousePositionRelativeToElement: UIAutomation.RectangleEdgePoint.BottomCenter\n""]",6.0,Go to calendar to check date as per national holidays.,Event_676,approvals/googlecalendar/msnweather,Googlecalendar
5,Recording_147,Process_28,2021-12-15T08:45:04+00:00,Click UI element in window,"List 'Month View, 29  ...  2022 12:00am' in Window 'Calendar - Email@Domain - Outlook'",OUTLOOK,Calendar - Email@Domain - Outlook,"[""UIAutomation.Click Element: appmask['Window \\'Calendar - Email@Domain - Outlook\\'']['List \\'Month View, 29  ...  2022 12:00am\\''] ClickType: UIAutomation.ClickType.LeftClick OffsetX: -14 OffsetY: 85 MousePositionRelativeToElement: UIAutomation.RectangleEdgePoint.MiddleCenter\n""]",11.0,Go to calendar to check date as per national holidays.,Event_676,approvals/googlecalendar/msnweather,Googlecalendar
6,Recording_147,Process_28,2021-12-15T08:45:51+00:00,Click UI element in window,UI Custom 'NetUINetUI' in Window 'Calendar - Email@Domain - Outlook',OUTLOOK,Calendar - Email@Domain - Outlook,"[""UIAutomation.Click Element: appmask['Window \\'Calendar - Email@Domain - Outlook\\'']['UI Custom \\'NetUINetUI\\''] ClickType: UIAutomation.ClickType.LeftButtonDown OffsetX: -13 OffsetY: 166 MousePositionRelativeToElement: UIAutomation.RectangleEdgePoint.TopRight\n"", ""UIAutomation.Click Element: appmask['Window \\'Calendar - Email@Domain - Outlook\\'']['UI Custom \\'NetUINetUI\\''] ClickType: UIAutomation.ClickType.LeftButtonUp OffsetX: -13 OffsetY: 166 MousePositionRelativeToElement: UIAutomation.RectangleEdgePoint.TopRight\n""]",13.0,Schedule a date for trip.,Event_677,approvals/googlecalendar/msnweather,Googlecalendar
7,Recording_147,Process_28,2021-12-15T08:45:53+00:00,Click UI element in window,Combo Box 'Location' in Window 'Untitled - Appointment  ',OUTLOOK,Untitled - Appointment  ,"[""UIAutomation.Click Element: appmask['Window \\'Untitled - Appointment  \\'']['Combo Box \\'Location\\''] ClickType: UIAutomation.ClickType.LeftClick OffsetX: 87 OffsetY: -3 MousePositionRelativeToElement: UIAutomation.RectangleEdgePoint.MiddleLeft\n""]",14.0,Schedule a date for trip.,Event_677,approvals/googlecalendar/msnweather,Googlecalendar
8,Recording_147,Process_28,2021-12-15T08:45:54+00:00,Send keys,"TextToSend:'{LShiftKey}(D)elho{Back}i, {LShiftKey}(I)'",,,"['WAIT 2\n', ""MouseAndKeyboard.SendKeys TextToSend: '{LShiftKey}(D)elho{Back}i,{Space}{LShiftKey}(I)'\n""]",15.0,Schedule a date for trip.,Event_677,approvals/googlecalendar/msnweather,Googlecalendar
9,Recording_147,Process_28,2021-12-15T08:45:59+00:00,Send keys,TextToSend:'ndi',,,"['WAIT 2\n', ""MouseAndKeyboard.SendKeys TextToSend: 'ndi'\n""]",16.0,Schedule a date for trip.,Event_677,approvals/googlecalendar/msnweather,Googlecalendar
10,Recording_147,Process_28,2021-12-15T08:46:00+00:00,Send keys,TextToSend:'a',,,"['WAIT 2\n', ""MouseAndKeyboard.SendKeys TextToSend: 'a'\n""]",17.0,Schedule a date for trip.,Event_677,approvals/googlecalendar/msnweather,Googlecalendar
11,Recording_147,Process_28,2021-12-15T08:46:04+00:00,Click UI element in window,Combo Box 'Location' in Window 'Untitled - Appointment  ',OUTLOOK,Untitled - Appointment  ,"[""UIAutomation.Click Element: appmask['Window \\'Untitled - Appointment  \\'']['Combo Box \\'Location\\''] ClickType: UIAutomation.ClickType.LeftButtonDown\n"", ""UIAutomation.Click Element: appmask['Window \\'Untitled - Appointment  \\'']['Combo Box \\'Location\\''] ClickType: UIAutomation.ClickType.LeftButtonUp\n""]",18.0,Schedule a date for trip.,Event_677,approvals/googlecalendar/msnweather,Googlecalendar
12,Recording_147,Process_28,2021-12-15T08:46:04+00:00,Click UI element in window,Combo Box 'Location' in Window 'Untitled - Appointment  ',OUTLOOK,Untitled - Appointment  ,"[""UIAutomation.Click Element: appmask['Window \\'Untitled - Appointment  \\'']['Combo Box \\'Location\\''] ClickType: UIAutomation.ClickType.LeftButtonDown\n"", ""UIAutomation.Click Element: appmask['Window \\'Untitled - Appointment  \\'']['Combo Box \\'Location\\''] ClickType: UIAutomation.ClickType.LeftButtonUp\n""]",19.0,Schedule a date for trip.,Event_677,approvals/googlecalendar/msnweather,Googlecalendar
13,Recording_147,Process_28,2021-12-15T08:46:06+00:00,Click UI element in window,Combo Box 'Location' in Window 'Untitled - Appointment  ',OUTLOOK,Untitled - Appointment  ,"[""UIAutomation.Click Element: appmask['Window \\'Untitled - Appointment  \\'']['Combo Box \\'Location\\''] ClickType: UIAutomation.ClickType.LeftButtonDown\n"", ""UIAutomation.Click Element: appmask['Window \\'Untitled - Appointment  \\'']['Combo Box \\'Location\\''] ClickType: UIAutomation.ClickType.LeftButtonUp\n""]",20.0,Schedule a date for trip.,Event_677,approvals/googlecalendar/msnweather,Googlecalendar
14,Recording_147,Process_28,2021-12-15T08:46:06+00:00,Click UI element in window,Combo Box 'Location' in Window 'Untitled - Appointment  ',OUTLOOK,Untitled - Appointment  ,"[""UIAutomation.Click Element: appmask['Window \\'Untitled - Appointment  \\'']['Combo Box \\'Location\\''] ClickType: UIAutomation.ClickType.LeftButtonDown\n"", ""UIAutomation.Click Element: appmask['Window \\'Untitled - Appointment  \\'']['Combo Box \\'Location\\''] ClickType: UIAutomation.ClickType.LeftButtonUp\n""]",21.0,Schedule a date for trip.,Event_677,approvals/googlecalendar/msnweather,Googlecalendar
15,Recording_147,Process_28,2021-12-15T08:46:10+00:00,Click UI element in window,Edit 'End time' in Window 'Business Trip - Appointment  ',OUTLOOK,Business Trip - Appointment  ,"[""UIAutomation.Click Element: appmask['Window \\'Business Trip - Appointment  \\'']['Edit \\'End time\\''] ClickType: UIAutomation.ClickType.LeftClick OffsetX: 3 OffsetY: 4 MousePositionRelativeToElement: UIAutomation.RectangleEdgePoint.TopCenter\n""]",22.0,Schedule a date for trip.,Event_677,approvals/googlecalendar/msnweather,Googlecalendar
16,Recording_147,Process_28,2021-12-15T08:46:19+00:00,Click UI element in window,Button 'Save & Close' in Window 'Business Trip - Appointment  ',OUTLOOK,Business Trip - Appointment  ,"[""UIAutomation.Click Element: appmask['Window \\'Business Trip - Appointment  \\'']['Button \\'Save & Close\\''] ClickType: UIAutomation.ClickType.LeftButtonUp OffsetX: -2 OffsetY: -13 MousePositionRelativeToElement: UIAutomation.RectangleEdgePoint.BottomCenter\n""]",23.0,Schedule a date for trip.,Event_677,approvals/googlecalendar/msnweather,Googlecalendar
17,Recording_147,Process_28,2021-12-15T08:46:34+00:00,Click UI element in window,Google Chrome - 2 running windows in Quick Launch Bar,,,"[""UIAutomation.Click Element: appmask['Quick Launch Bar']['Google Chrome - 2 running windows'] ClickType: UIAutomation.ClickType.LeftButtonUp OffsetX: 5 OffsetY: -2 MousePositionRelativeToElement: UIAutomation.RectangleEdgePoint.MiddleCenter\n""]",24.0,Check weather for the desired location.,Event_678,approvals/googlecalendar/msnweather,msnweather
18,Recording_147,Process_28,2021-12-15T08:46:39+00:00,Click UI element in window,List Item 'New Tab - Google Chrome' in List 'Task Switcher',,Task Switcher,"[""UIAutomation.Click Element: appmask['List \\'Task Switcher\\'']['List Item \\'New Tab - Google Chrome\\''] ClickType: UIAutomation.ClickType.LeftClick OffsetX: -58 OffsetY: -8 MousePositionRelativeToElement: UIAutomation.RectangleEdgePoint.MiddleRight\n""]",25.0,Check weather for the desired location.,Event_678,approvals/googlecalendar/msnweather,msnweather
19,Recording_147,Process_28,2021-12-15T08:46:48+00:00,Populate text field in window,Edit 'Address and search bar' in Pane 'New Tab - Google Chrome - Person 1'; Text:'msnweather',chrome,New Tab - Google Chrome - Person 1,"[""UIAutomation.PopulateTextField TextField: appmask['Pane \\'New Tab - Google Chrome - Person 1\\'']['Edit \\'Address and search bar\\''] Text: 'msnweather' Mode: UIAutomation.PopulateTextMode.Replace ClickType: UIAutomation.PopulateMouseClickType.SingleClick\n""]",26.0,Check weather for the desired location.,Event_678,approvals/googlecalendar/msnweather,msnweather
20,Recording_147,Process_28,2021-12-15T08:46:55+00:00,Click UI element in window,Pane in Pane 'New Tab - Google Chrome - Person 1',chrome,New Tab - Google Chrome - Person 1,"[""UIAutomation.Click Element: appmask['Pane \\'New Tab - Google Chrome - Person 1\\'']['Pane'] ClickType: UIAutomation.ClickType.LeftButtonUp OffsetX: 27 OffsetY: 5 MousePositionRelativeToElement: UIAutomation.RectangleEdgePoint.TopLeft\n""]",27.0,Check weather for the desired location.,Event_678,approvals/googlecalendar/msnweather,msnweather
21,Recording_147,Process_28,2021-12-15T08:47:06+00:00,Click UI element in window,Combo Box 'Search for location' in Pane 'New Tab - Google Chrome - Person 1',chrome,New Tab - Google Chrome - Person 1,"[""UIAutomation.Click Element: appmask['Pane \\'New Tab - Google Chrome - Person 1\\'']['Combo Box \\'Search for location\\''] ClickType: UIAutomation.ClickType.LeftClick OffsetX: -45 OffsetY: -6 MousePositionRelativeToElement: UIAutomation.RectangleEdgePoint.MiddleRight\n""]",28.0,Check weather for the desired location.,Event_678,approvals/googlecalendar/msnweather,msnweather
22,Recording_147,Process_28,2021-12-15T08:47:31+00:00,Click UI element in window,Document 'MSN' in Pane 'New Tab - Google Chrome - Person 1',chrome,New Tab - Google Chrome - Person 1,"[""UIAutomation.Click Element: appmask['Pane \\'New Tab - Google Chrome - Person 1\\'']['Document \\'MSN\\''] ClickType: UIAutomation.ClickType.LeftClick OffsetX: -280 OffsetY: -166 MousePositionRelativeToElement: UIAutomation.RectangleEdgePoint.BottomRight\n"", '# End of autogenerated actions using the desktop recorder\n']",,Check weather for the desired location.,Event_678,approvals/googlecalendar/msnweather,msnweather
0,Recording_163,Process_28,2021-12-15T08:48:32+00:00,Press button in window,Microsoft Teams - 1 running window in Quick Launch Bar,,,"[""UIAutomation.PressButton Button: appmask['Quick Launch Bar']['Microsoft Teams - 1 running window']\n""]",2.0,Verify the approval from higher management for business trip to Delhi,Event_739,approvals/googlecalendar/msnweather,Approvals
1,Recording_163,Process_28,2021-12-15T08:48:35+00:00,Select menu option in window,"Menu Item 'More added apps Toolbar' in Pane 'General  ...  Teams, Main Window'",Teams,"General (Project RoadMap) | Microsoft Teams, Main Window","[""UIAutomation.SelectMenuOption Control: appmask['Pane \\'General  ...  Teams, Main Window\\'']['Menu Item \\'More added apps Toolbar\\'']\n""]",3.0,Verify the approval from higher management for business trip to Delhi,Event_739,approvals/googlecalendar/msnweather,Approvals
2,Recording_163,Process_28,2021-12-15T08:48:40+00:00,Click UI element in window,"List Item 'Approvals  ...  more actions' in Pane 'General  ...  Teams, Main Window'",Teams,"General (Project RoadMap) | Microsoft Teams, Main Window","[""UIAutomation.Click Element: appmask['Pane \\'General  ...  Teams, Main Window\\'']['List Item \\'Approvals  ...  more actions\\''] ClickType: UIAutomation.ClickType.LeftClick OffsetX: -11 OffsetY: 4 MousePositionRelativeToElement: UIAutomation.RectangleEdgePoint.MiddleRight\n""]",4.0,Verify the approval from higher management for business trip to Delhi,Event_739,approvals/googlecalendar/msnweather,Approvals
3,Recording_163,Process_28,2021-12-15T08:48:48+00:00,Select tab in window,"Tab Item 'Sent' in Pane 'General  ...  Teams, Main Window'",Teams,"General (Project RoadMap) | Microsoft Teams, Main Window","[""UIAutomation.SelectTab Tab: appmask['Pane \\'General  ...  Teams, Main Window\\'']['Tab Item \\'Sent\\'']\n""]",5.0,Verify the approval from higher management for business trip to Delhi,Event_739,approvals/googlecalendar/msnweather,Approvals
4,Recording_163,Process_28,2021-12-15T08:48:53+00:00,Click UI element in window,"Data Item 'Buisness trip to delhi' in Pane 'General  ...  Teams, Main Window'",Teams,"General (Project RoadMap) | Microsoft Teams, Main Window","[""UIAutomation.Click Element: appmask['Pane \\'General  ...  Teams, Main Window\\'']['Data Item \\'Buisness trip to delhi\\''] ClickType: UIAutomation.ClickType.LeftClick OffsetX: 84 OffsetY: 3 MousePositionRelativeToElement: UIAutomation.RectangleEdgePoint.MiddleLeft\n""]",6.0,Verify the approval from higher management for business trip to Delhi,Event_739,approvals/googlecalendar/msnweather,Approvals
5,Recording_163,Process_28,2021-12-15T08:49:05+00:00,Press button in window,Outlook 2013 - 1 running window in Quick Launch Bar,,,"[""UIAutomation.PressButton Button: appmask['Quick Launch Bar']['Outlook 2013 - 1 running window']\n""]",7.0,Go to calendar to check date as per national holidays,Event_740,approvals/googlecalendar/msnweather,Googlecalendar
6,Recording_163,Process_28,2021-12-15T08:49:15+00:00,Press button in window,Button 'Calendar' in Window 'Inbox - Email@Domain - Outlook',OUTLOOK,Inbox - Email@Domain - Outlook,"[""UIAutomation.PressButton Button: appmask['Window \\'Inbox - Email@Domain - Outlook\\'']['Button \\'Calendar\\'']\n""]",8.0,Go to calendar to check date as per national holidays,Event_740,approvals/googlecalendar/msnweather,Googlecalendar
7,Recording_163,Process_28,2021-12-15T08:49:20+00:00,Press button in window,Button 'Calendar' in Window 'Inbox - Email@Domain - Outlook',OUTLOOK,Inbox - Email@Domain - Outlook,"[""UIAutomation.PressButton Button: appmask['Window \\'Inbox - Email@Domain - Outlook\\'']['Button \\'Calendar\\'']\n""]",10.0,Go to calendar to check date as per national holidays,Event_740,approvals/googlecalendar/msnweather,Googlecalendar
8,Recording_163,Process_28,2021-12-15T08:49:30+00:00,Click UI element in window,"List 'Month View,  ...  2, 2022 12:00am' in Window 'Calendar - Email@Domain - Outlook'",OUTLOOK,Calendar - Email@Domain - Outlook,"[""UIAutomation.Click Element: appmask['Window \\'Calendar - Email@Domain - Outlook\\'']['List \\'Month View,  ...  2, 2022 12:00am\\''] ClickType: UIAutomation.ClickType.RightClick OffsetX: 139 OffsetY: -142 MousePositionRelativeToElement: UIAutomation.RectangleEdgePoint.BottomCenter\n""]",14.0,Go to calendar to check date as per national holidays,Event_740,approvals/googlecalendar/msnweather,Googlecalendar
9,Recording_163,Process_28,2021-12-15T08:49:41+00:00,Click UI element in window,"List 'Month View,  ...  2, 2022 12:00am' in Window 'Calendar - Email@Domain - Outlook'",OUTLOOK,Calendar - Email@Domain - Outlook,"[""UIAutomation.Click Element: appmask['Window \\'Calendar - Email@Domain - Outlook\\'']['List \\'Month View,  ...  2, 2022 12:00am\\''] ClickType: UIAutomation.ClickType.LeftClick OffsetX: -31 OffsetY: -143 MousePositionRelativeToElement: UIAutomation.RectangleEdgePoint.BottomCenter\n"", ""UIAutomation.Click Element: appmask['Window \\'Calendar - Email@Domain - Outlook\\'']['List \\'Month View,  ...  2, 2022 12:00am\\''] ClickType: UIAutomation.ClickType.RightClick OffsetX: -31 OffsetY: -143 MousePositionRelativeToElement: UIAutomation.RectangleEdgePoint.BottomCenter\n""]",15.0,Go to calendar to check date as per national holidays,Event_740,approvals/googlecalendar/msnweather,Googlecalendar
10,Recording_163,Process_28,2021-12-15T08:49:49+00:00,Select menu option in window,Menu Item 'New Appointment' in Window 'Calendar - Email@Domain - Outlook',OUTLOOK,Calendar - Email@Domain - Outlook,"[""UIAutomation.SelectMenuOption Control: appmask['Window \\'Calendar - Email@Domain - Outlook\\'']['Menu Item \\'New Appointment\\'']\n""]",16.0,Schedule a date for trip,Event_741,approvals/googlecalendar/msnweather,Googlecalendar
11,Recording_163,Process_28,2021-12-15T08:49:51+00:00,Click UI element in window,Document 'Subject' in Window 'Untitled - Appointment  ',OUTLOOK,Untitled - Appointment  ,"[""UIAutomation.Click Element: appmask['Window \\'Untitled - Appointment  \\'']['Document \\'Subject\\''] ClickType: UIAutomation.ClickType.LeftClick OffsetX: 25 OffsetY: -7 MousePositionRelativeToElement: UIAutomation.RectangleEdgePoint.BottomLeft\n""]",17.0,Schedule a date for trip,Event_741,approvals/googlecalendar/msnweather,Googlecalendar
12,Recording_163,Process_28,2021-12-15T08:49:53+00:00,Send keys,TextToSend:'{LShiftKey}(B)uisness {LShiftKey}(T)rip',,,"['WAIT 2\n', ""MouseAndKeyboard.SendKeys TextToSend: '{LShiftKey}(B)uisness{Space}{LShiftKey}(T)rip'\n""]",18.0,Schedule a date for trip,Event_741,approvals/googlecalendar/msnweather,Googlecalendar
13,Recording_163,Process_28,2021-12-15T08:50:01+00:00,Click UI element in window,Combo Box 'Location' in Window 'Untitled - Appointment  ',OUTLOOK,Untitled - Appointment  ,"[""UIAutomation.Click Element: appmask['Window \\'Untitled - Appointment  \\'']['Combo Box \\'Location\\''] ClickType: UIAutomation.ClickType.LeftClick OffsetX: 34 OffsetY: -1 MousePositionRelativeToElement: UIAutomation.RectangleEdgePoint.MiddleLeft\n""]",19.0,Schedule a date for trip,Event_741,approvals/googlecalendar/msnweather,Googlecalendar
14,Recording_163,Process_28,2021-12-15T08:50:02+00:00,Send keys,TextToSend:'{LShiftKey}(D)elhi',,,"['WAIT 2\n', ""MouseAndKeyboard.SendKeys TextToSend: '{LShiftKey}(D)elhi'\n""]",20.0,Schedule a date for trip,Event_741,approvals/googlecalendar/msnweather,Googlecalendar
15,Recording_163,Process_28,2021-12-15T08:50:13+00:00,Click UI element in window,Pane 'AfxWndW' in Window 'Buisness Trip - Appointment  ',OUTLOOK,Buisness Trip - Appointment  ,"[""UIAutomation.Click Element: appmask['Window \\'Buisness Trip - Appointment  \\'']['Pane \\'AfxWndW\\''] ClickType: UIAutomation.ClickType.LeftClick OffsetX: -1 OffsetY: 0 MousePositionRelativeToElement: UIAutomation.RectangleEdgePoint.MiddleCenter\n""]",21.0,Schedule a date for trip,Event_741,approvals/googlecalendar/msnweather,Googlecalendar
16,Recording_163,Process_28,2021-12-15T08:50:17+00:00,Click UI element in window,Pane 'Afx:800:0:6:0',OUTLOOK,,"[""UIAutomation.Click Element: appmask['Pane \\'Afx:800:0:6:0\\''] ClickType: UIAutomation.ClickType.LeftClick OffsetX: 4 OffsetY: -27 MousePositionRelativeToElement: UIAutomation.RectangleEdgePoint.BottomCenter\n""]",22.0,Schedule a date for trip,Event_741,approvals/googlecalendar/msnweather,Googlecalendar
17,Recording_163,Process_28,2021-12-15T08:50:19+00:00,Click UI element in window,Pane 'AfxWndW' 2 in Window 'Buisness Trip - Appointment  ',OUTLOOK,Buisness Trip - Appointment  ,"[""UIAutomation.Click Element: appmask['Window \\'Buisness Trip - Appointment  \\'']['Pane \\'AfxWndW\\' 2'] ClickType: UIAutomation.ClickType.LeftClick OffsetX: 2 OffsetY: 1 MousePositionRelativeToElement: UIAutomation.RectangleEdgePoint.MiddleCenter\n""]",23.0,Schedule a date for trip,Event_741,approvals/googlecalendar/msnweather,Googlecalendar
18,Recording_163,Process_28,2021-12-15T08:50:23+00:00,Click UI element in window,Pane 'Afx:800:0:6:0',OUTLOOK,,"[""UIAutomation.Click Element: appmask['Pane \\'Afx:800:0:6:0\\''] ClickType: UIAutomation.ClickType.LeftClick OffsetX: 16 OffsetY: -11 MousePositionRelativeToElement: UIAutomation.RectangleEdgePoint.BottomCenter\n""]",24.0,Schedule a date for trip,Event_741,approvals/googlecalendar/msnweather,Googlecalendar
19,Recording_163,Process_28,2021-12-15T08:50:28+00:00,Press button in window,Button 'Save & Close' in Window 'Buisness Trip - Appointment  ',OUTLOOK,Buisness Trip - Appointment  ,"[""UIAutomation.PressButton Button: appmask['Window \\'Buisness Trip - Appointment  \\'']['Button \\'Save & Close\\'']\n""]",25.0,Schedule a date for trip,Event_741,approvals/googlecalendar/msnweather,Googlecalendar
20,Recording_163,Process_28,2021-12-15T08:50:36+00:00,Press button in window,Google Chrome - 1 running window in Quick Launch Bar,,,"[""UIAutomation.PressButton Button: appmask['Quick Launch Bar']['Google Chrome - 1 running window']\n""]",26.0,Check weather for the desired location,Event_742,approvals/googlecalendar/msnweather,msnweather
21,Recording_163,Process_28,2021-12-15T08:50:40+00:00,Press button in window,Button 'New Tab' in Pane 'TalentHub 2.0 - Google Chrome - Person 1',chrome,TalentHub 2.0 - Google Chrome - Person 1,"[""UIAutomation.PressButton Button: appmask['Pane \\'TalentHub 2.0 - Google Chrome - Person 1\\'']['Button \\'New Tab\\'']\n""]",27.0,Check weather for the desired location,Event_742,approvals/googlecalendar/msnweather,msnweather
22,Recording_163,Process_28,2021-12-15T08:50:48+00:00,Populate text field in window,Edit 'Address and search bar' in Pane 'TalentHub 2.0 - Google Chrome - Person 1'; Text:'msn weather',chrome,TalentHub 2.0 - Google Chrome - Person 1,"[""UIAutomation.PopulateTextField TextField: appmask['Pane \\'TalentHub 2.0 - Google Chrome - Person 1\\'']['Edit \\'Address and search bar\\''] Text: 'msn weather' Mode: UIAutomation.PopulateTextMode.Replace ClickType: UIAutomation.PopulateMouseClickType.SingleClick\n""]",28.0,Check weather for the desired location,Event_742,approvals/googlecalendar/msnweather,msnweather
23,Recording_163,Process_28,2021-12-15T08:50:49+00:00,Send keys,TextToSend:'{Return}',,,"['WAIT 2\n', ""MouseAndKeyboard.SendKeys TextToSend: '{Return}'\n""]",29.0,Check weather for the desired location,Event_742,approvals/googlecalendar/msnweather,msnweather
24,Recording_163,Process_28,2021-12-15T08:50:53+00:00,Click UI element in window,Hyperlink ' Forecast  ...  › we-city' in Pane 'TalentHub 2.0 - Google Chrome - Person 1',chrome,TalentHub 2.0 - Google Chrome - Person 1,"[""UIAutomation.Click Element: appmask['Pane \\'TalentHub 2.0 - Google Chrome - Person 1\\'']['Hyperlink \\' Forecast  ...  › we-city\\''] ClickType: UIAutomation.ClickType.LeftClick OffsetX: 23 OffsetY: -1 MousePositionRelativeToElement: UIAutomation.RectangleEdgePoint.MiddleCenter\n""]",30.0,Check weather for the desired location,Event_742,approvals/googlecalendar/msnweather,msnweather
25,Recording_163,Process_28,2021-12-15T08:50:59+00:00,Click UI element in window,Combo Box 'Search for location' in Pane 'TalentHub 2.0 - Google Chrome - Person 1',chrome,TalentHub 2.0 - Google Chrome - Person 1,"[""UIAutomation.Click Element: appmask['Pane \\'TalentHub 2.0 - Google Chrome - Person 1\\'']['Combo Box \\'Search for location\\''] ClickType: UIAutomation.ClickType.LeftClick OffsetX: 24 OffsetY: -4 MousePositionRelativeToElement: UIAutomation.RectangleEdgePoint.MiddleLeft\n""]",31.0,Check weather for the desired location,Event_742,approvals/googlecalendar/msnweather,msnweather
26,Recording_163,Process_28,2021-12-15T08:51:01+00:00,Send keys,TextToSend:'{LShiftKey}(D)elhi',,,"['WAIT 2\n', ""MouseAndKeyboard.SendKeys TextToSend: '{LShiftKey}(D)elhi'\n""]",32.0,Check weather for the desired location,Event_742,approvals/googlecalendar/msnweather,msnweather
27,Recording_163,Process_28,2021-12-15T08:51:13+00:00,Click UI element in window,"List Item 'Delhi, India' in Pane 'TalentHub 2.0 - Google Chrome - Person 1'",chrome,TalentHub 2.0 - Google Chrome - Person 1,"[""UIAutomation.Click Element: appmask['Pane \\'TalentHub 2.0 - Google Chrome - Person 1\\'']['List Item \\'Delhi, India\\''] ClickType: UIAutomation.ClickType.LeftClick OffsetX: 35 OffsetY: 3 MousePositionRelativeToElement: UIAutomation.RectangleEdgePoint.MiddleCenter\n""]",,Check weather for the desired location,Event_742,approvals/googlecalendar/msnweather,msnweather
0,Recording_77,Process_28,2022-01-10T03:54:47+00:00,Select menu option in window,Google Chrome - 2 running windows in Quick Launch Bar,,,"[""UIAutomation.SelectMenuOption Control: appmask['Quick Launch Bar']['Google Chrome - 2 running windows']\n""]",2.0,Verify the approval of request for Business trip to Delhi. ,Event_380,approvals/googlecalendar/msnweather,Approvals
1,Recording_77,Process_28,2022-01-10T03:54:50+00:00,Click UI element in window,List Item 'Run History | Power Automate - Google Chrome' in List 'Task Switcher',,Task Switcher,"[""UIAutomation.Click Element: appmask['List \\'Task Switcher\\'']['List Item \\'Run History | Power Automate - Google Chrome\\''] ClickType: UIAutomation.ClickType.LeftClick OffsetX: 17 OffsetY: 20 MousePositionRelativeToElement: UIAutomation.RectangleEdgePoint.TopCenter\n""]",3.0,Verify the approval of request for Business trip to Delhi. ,Event_380,approvals/googlecalendar/msnweather,Approvals
2,Recording_77,Process_28,2022-01-10T03:54:53+00:00,Click UI element in window,Text 'Power Automate' in Pane 'Run History |  ...  Chrome - Name',chrome,Run History | Power Automate - Google Chrome - Name,"[""UIAutomation.Click Element: appmask['Pane \\'Run History |  ...  Chrome - Name\\'']['Text \\'Power Automate\\''] ClickType: UIAutomation.ClickType.LeftClick OffsetX: 17 OffsetY: 0 MousePositionRelativeToElement: UIAutomation.RectangleEdgePoint.MiddleLeft\n""]",4.0,Verify the approval of request for Business trip to Delhi. ,Event_380,approvals/googlecalendar/msnweather,Approvals
3,Recording_77,Process_28,2022-01-10T03:54:56+00:00,Click UI element in window,List Item 'My flows' in Pane 'Run History |  ...  Chrome - Name',chrome,Run History | Power Automate - Google Chrome - Name,"[""UIAutomation.Click Element: appmask['Pane \\'Run History |  ...  Chrome - Name\\'']['List Item \\'My flows\\''] ClickType: UIAutomation.ClickType.LeftClick OffsetX: 31 OffsetY: 0 MousePositionRelativeToElement: UIAutomation.RectangleEdgePoint.MiddleLeft\n""]",5.0,Verify the approval of request for Business trip to Delhi. ,Event_380,approvals/googlecalendar/msnweather,Approvals
4,Recording_77,Process_28,2022-01-10T03:55:03+00:00,Click UI element in window,Header 'Approval for Business Trip to Delhi' in Pane 'Run History |  ...  Chrome - Name',chrome,Run History | Power Automate - Google Chrome - Name,"[""UIAutomation.Click Element: appmask['Pane \\'Run History |  ...  Chrome - Name\\'']['Header \\'Approval for Business Trip to Delhi\\''] ClickType: UIAutomation.ClickType.LeftClick OffsetX: -237 OffsetY: 9 MousePositionRelativeToElement: UIAutomation.RectangleEdgePoint.MiddleCenter\n""]",6.0,Verify the approval of request for Business trip to Delhi. ,Event_380,approvals/googlecalendar/msnweather,Approvals
5,Recording_77,Process_28,2022-01-10T03:55:06+00:00,Click UI element in window,Hyperlink 'Approval for Business Trip to Delhi' in Pane 'Run History |  ...  Chrome - Name',chrome,Run History | Power Automate - Google Chrome - Name,"[""UIAutomation.Click Element: appmask['Pane \\'Run History |  ...  Chrome - Name\\'']['Hyperlink \\'Approval for Business Trip to Delhi\\''] ClickType: UIAutomation.ClickType.LeftClick OffsetX: 16 OffsetY: -6 MousePositionRelativeToElement: UIAutomation.RectangleEdgePoint.BottomLeft\n""]",7.0,Verify the approval of request for Business trip to Delhi. ,Event_380,approvals/googlecalendar/msnweather,Approvals
6,Recording_77,Process_28,2022-01-10T03:55:10+00:00,Click UI element in window,"Hyperlink 'Jan 10, 09:04 AM (20 minutes ago)' in Pane 'Run History |  ...  Chrome - Name'",chrome,Run History | Power Automate - Google Chrome - Name,"[""UIAutomation.Click Element: appmask['Pane \\'Run History |  ...  Chrome - Name\\'']['Hyperlink \\'Jan 10, 09:04 AM (20 minutes ago)\\''] ClickType: UIAutomation.ClickType.LeftClick OffsetX: 40 OffsetY: -1 MousePositionRelativeToElement: UIAutomation.RectangleEdgePoint.MiddleLeft\n""]",8.0,Verify the approval of request for Business trip to Delhi. ,Event_380,approvals/googlecalendar/msnweather,Approvals
7,Recording_77,Process_28,2022-01-10T03:55:16+00:00,Press button in window,Button 'Condition' in Pane 'Run History |  ...  Chrome - Name',chrome,Run History | Power Automate - Google Chrome - Name,"[""UIAutomation.PressButton Button: appmask['Pane \\'Run History |  ...  Chrome - Name\\'']['Button \\'Condition\\'']\n""]",9.0,Verify the approval of request for Business trip to Delhi. ,Event_380,approvals/googlecalendar/msnweather,Approvals
8,Recording_77,Process_28,2022-01-10T03:55:23+00:00,Press button in window,Button 'Compose' in Pane 'Run History |  ...  Chrome - Name',chrome,Run History | Power Automate - Google Chrome - Name,"[""UIAutomation.PressButton Button: appmask['Pane \\'Run History |  ...  Chrome - Name\\'']['Button \\'Compose\\'']\n""]",10.0,Verify the approval of request for Business trip to Delhi. ,Event_380,approvals/googlecalendar/msnweather,Approvals
9,Recording_77,Process_28,2022-01-10T03:55:26+00:00,Click UI element in window,Table in Pane 'Run History |  ...  Chrome - Name',chrome,Run History | Power Automate - Google Chrome - Name,"[""UIAutomation.Click Element: appmask['Pane \\'Run History |  ...  Chrome - Name\\'']['Table'] ClickType: UIAutomation.ClickType.LeftClick OffsetX: 123 OffsetY: -75 MousePositionRelativeToElement: UIAutomation.RectangleEdgePoint.MiddleLeft\n""]",11.0,Verify the approval of request for Business trip to Delhi. ,Event_380,approvals/googlecalendar/msnweather,Approvals
10,Recording_77,Process_28,2022-01-10T03:55:33+00:00,Click UI element in window,Table in Pane 'Run History |  ...  Chrome - Name',chrome,Run History | Power Automate - Google Chrome - Name,"[""UIAutomation.Click Element: appmask['Pane \\'Run History |  ...  Chrome - Name\\'']['Table'] ClickType: UIAutomation.ClickType.LeftClick OffsetX: 103 OffsetY: 47 MousePositionRelativeToElement: UIAutomation.RectangleEdgePoint.TopLeft\n""]",12.0,Verify the approval of request for Business trip to Delhi. ,Event_380,approvals/googlecalendar/msnweather,Approvals
11,Recording_77,Process_28,2022-01-10T03:55:40+00:00,Select tab in window,"Tab Item 'Google Calendar - Wednesday, January 19, 2022' in Pane 'Run History |  ...  Chrome - Name'",chrome,Run History | Power Automate - Google Chrome - Name,"[""UIAutomation.SelectTab Tab: appmask['Pane \\'Run History |  ...  Chrome - Name\\'']['Tab Item \\'Google Calendar - Wednesday, January 19, 2022\\'']\n""]",13.0,Verify the dates in calendar considering the national holidays,Event_381,approvals/googlecalendar/msnweather,Googlecalendar
12,Recording_77,Process_28,2022-01-10T03:55:50+00:00,Click UI element in window,Data Item '20' in Pane 'Run History |  ...  Chrome - Name',chrome,Run History | Power Automate - Google Chrome - Name,"[""UIAutomation.Click Element: appmask['Pane \\'Run History |  ...  Chrome - Name\\'']['Data Item \\'20\\''] ClickType: UIAutomation.ClickType.LeftClick OffsetX: 6 OffsetY: 1 MousePositionRelativeToElement: UIAutomation.RectangleEdgePoint.MiddleLeft\n""]",14.0,Decide the trip date.,Event_382,approvals/googlecalendar/msnweather,Googlecalendar
13,Recording_77,Process_28,2022-01-10T03:55:55+00:00,Press button in window,Button 'New Tab' in Pane 'Run History |  ...  Chrome - Name',chrome,Run History | Power Automate - Google Chrome - Name,"[""UIAutomation.PressButton Button: appmask['Pane \\'Run History |  ...  Chrome - Name\\'']['Button \\'New Tab\\'']\n""]",15.0,Go to the weather app and verify the weather of decided location.,Event_383,approvals/googlecalendar/msnweather,msnweather
14,Recording_77,Process_28,2022-01-10T03:55:57+00:00,Click UI element in window,Edit 'Address and search bar' in Pane 'Run History |  ...  Chrome - Name',chrome,Run History | Power Automate - Google Chrome - Name,"[""UIAutomation.Click Element: appmask['Pane \\'Run History |  ...  Chrome - Name\\'']['Edit \\'Address and search bar\\''] ClickType: UIAutomation.ClickType.LeftClick OffsetX: 325 OffsetY: 1 MousePositionRelativeToElement: UIAutomation.RectangleEdgePoint.MiddleLeft\n""]",16.0,Go to the weather app and verify the weather of decided location.,Event_383,approvals/googlecalendar/msnweather,msnweather
15,Recording_77,Process_28,2022-01-10T03:55:59+00:00,Populate text field in window,Edit 'Address and search bar' in Pane 'Run History |  ...  Chrome - Name'; Text:'msn weather.com',chrome,Run History | Power Automate - Google Chrome - Name,"[""UIAutomation.PopulateTextField TextField: appmask['Pane \\'Run History |  ...  Chrome - Name\\'']['Edit \\'Address and search bar\\''] Text: 'msn weather.com' Mode: UIAutomation.PopulateTextMode.Replace ClickType: UIAutomation.PopulateMouseClickType.SingleClick\n""]",17.0,Go to the weather app and verify the weather of decided location.,Event_383,approvals/googlecalendar/msnweather,msnweather
16,Recording_77,Process_28,2022-01-10T03:56:00+00:00,Send keys,TextToSend:'{Return}',,,"['WAIT 2\n', ""MouseAndKeyboard.SendKeys TextToSend: '{Return}'\n""]",18.0,Go to the weather app and verify the weather of decided location.,Event_383,approvals/googlecalendar/msnweather,msnweather
17,Recording_77,Process_28,2022-01-10T03:56:04+00:00,Click UI element in window,"Hyperlink ' Hemet,  ...  › en-in › weather' in Pane 'Run History |  ...  Chrome - Name'",chrome,Run History | Power Automate - Google Chrome - Name,"[""UIAutomation.Click Element: appmask['Pane \\'Run History |  ...  Chrome - Name\\'']['Hyperlink \\' Hemet,  ...  › en-in › weather\\''] ClickType: UIAutomation.ClickType.LeftClick OffsetX: 43 OffsetY: 1 MousePositionRelativeToElement: UIAutomation.RectangleEdgePoint.MiddleLeft\n""]",19.0,Go to the weather app and verify the weather of decided location.,Event_383,approvals/googlecalendar/msnweather,msnweather
18,Recording_77,Process_28,2022-01-10T03:56:06+00:00,Click UI element in window,Combo Box 'Search for location' in Pane 'Run History |  ...  Chrome - Name',chrome,Run History | Power Automate - Google Chrome - Name,"[""UIAutomation.Click Element: appmask['Pane \\'Run History |  ...  Chrome - Name\\'']['Combo Box \\'Search for location\\''] ClickType: UIAutomation.ClickType.LeftClick OffsetX: -27 OffsetY: -1 MousePositionRelativeToElement: UIAutomation.RectangleEdgePoint.MiddleCenter\n""]",20.0,Go to the weather app and verify the weather of decided location.,Event_383,approvals/googlecalendar/msnweather,msnweather
19,Recording_77,Process_28,2022-01-10T03:56:08+00:00,Send keys,TextToSend:'del',,,"['WAIT 2\n', ""MouseAndKeyboard.SendKeys TextToSend: 'del'\n""]",21.0,Go to the weather app and verify the weather of decided location.,Event_383,approvals/googlecalendar/msnweather,msnweather
20,Recording_77,Process_28,2022-01-10T03:56:21+00:00,Click UI element in window,"Hyperlink 'Delhi, India' in Pane 'Run History |  ...  Chrome - Name'",chrome,Run History | Power Automate - Google Chrome - Name,"[""UIAutomation.Click Element: appmask['Pane \\'Run History |  ...  Chrome - Name\\'']['Hyperlink \\'Delhi, India\\''] ClickType: UIAutomation.ClickType.LeftClick OffsetX: -5 OffsetY: 5 MousePositionRelativeToElement: UIAutomation.RectangleEdgePoint.TopCenter\n""]",22.0,Go to the weather app and verify the weather of decided location.,Event_383,approvals/googlecalendar/msnweather,msnweather
21,Recording_77,Process_28,2022-01-10T03:56:32+00:00,Press button in window,Button 'Switch right' in Pane 'Run History |  ...  Chrome - Name',chrome,Run History | Power Automate - Google Chrome - Name,"[""UIAutomation.PressButton Button: appmask['Pane \\'Run History |  ...  Chrome - Name\\'']['Button \\'Switch right\\'']\n""]",23.0,Go to the weather app and verify the weather of decided location.,Event_383,approvals/googlecalendar/msnweather,msnweather
22,Recording_77,Process_28,2022-01-10T03:56:42+00:00,Click UI element in window,Document 'MSN' in Pane 'Run History |  ...  Chrome - Name',chrome,Run History | Power Automate - Google Chrome - Name,"[""UIAutomation.Click Element: appmask['Pane \\'Run History |  ...  Chrome - Name\\'']['Document \\'MSN\\''] ClickType: UIAutomation.ClickType.LeftClick OffsetX: -118 OffsetY: 30 MousePositionRelativeToElement: UIAutomation.RectangleEdgePoint.MiddleRight\n""]",24.0,Go to the weather app and verify the weather of decided location.,Event_383,approvals/googlecalendar/msnweather,msnweather
23,Recording_77,Process_28,2022-01-10T03:56:56+00:00,Click UI element in window,Document 'MSN' in Pane 'Run History |  ...  Chrome - Name',chrome,Run History | Power Automate - Google Chrome - Name,"[""UIAutomation.Click Element: appmask['Pane \\'Run History |  ...  Chrome - Name\\'']['Document \\'MSN\\''] ClickType: UIAutomation.ClickType.LeftClick\n""]",26.0,Go to the weather app and verify the weather of decided location.,Event_383,approvals/googlecalendar/msnweather,msnweather
24,Recording_77,Process_28,2022-01-10T03:57:10+00:00,Click UI element in window,List Item in Pane 'Run History |  ...  Chrome - Name',chrome,Run History | Power Automate - Google Chrome - Name,"[""UIAutomation.Click Element: appmask['Pane \\'Run History |  ...  Chrome - Name\\'']['List Item'] ClickType: UIAutomation.ClickType.LeftClick OffsetX: -20 OffsetY: 8 MousePositionRelativeToElement: UIAutomation.RectangleEdgePoint.TopCenter\n"", '# End of autogenerated actions using the desktop recorder\n']",,Go to the weather app and verify the weather of decided location.,Event_383,approvals/googlecalendar/msnweather,msnweather
0,Recording_82,Process_28,2022-01-10T09:12:52+00:00,Select menu option in window,Firefox - 2 running windows in Quick Launch Bar,,,"[""UIAutomation.SelectMenuOption Control: appmask['Quick Launch Bar']['Firefox - 2 running windows']\n""]",2.0,Verify the approval from higher management for business trip to Delhi.,Event_399,approvals/googlecalendar/msnweather,Approvals
1,Recording_82,Process_28,2022-01-10T09:12:57+00:00,Click UI element in window,"List Item 'Delhi,  ...  (Private Browsing)' in List 'Task Switcher'",,Task Switcher,"[""UIAutomation.Click Element: appmask['List \\'Task Switcher\\'']['List Item \\'Delhi,  ...  (Private Browsing)\\''] ClickType: UIAutomation.ClickType.LeftClick OffsetX: 60 OffsetY: 7 MousePositionRelativeToElement: UIAutomation.RectangleEdgePoint.MiddleLeft\n""]",3.0,Verify the approval from higher management for business trip to Delhi.,Event_399,approvals/googlecalendar/msnweather,Approvals
2,Recording_82,Process_28,2022-01-10T09:12:58+00:00,Press button in window,"Button 'Open a new tab (Ctrl+T)' in Window 'Delhi, India  ...  (Private Browsing)'",firefox,"Delhi, India - Weather Forecasts | Maps | News - Yahoo Weather — Mozilla Firefox (Private Browsing)","[""UIAutomation.PressButton Button: appmask['Window \\'Delhi, India  ...  (Private Browsing)\\'']['Button \\'Open a new tab (Ctrl+T)\\'']\n""]",4.0,Verify the approval from higher management for business trip to Delhi.,Event_399,approvals/googlecalendar/msnweather,Approvals
3,Recording_82,Process_28,2022-01-10T09:13:05+00:00,Populate text field in window,Edit 'Search with Google or enter address' in Window 'Mozilla Firefox (Private Browsing)'; Text:'teams web',firefox,Mozilla Firefox (Private Browsing),"[""UIAutomation.PopulateTextField TextField: appmask['Window \\'Mozilla Firefox (Private Browsing)\\'']['Edit \\'Search with Google or enter address\\''] Text: 'teams web' Mode: UIAutomation.PopulateTextMode.Replace ClickType: UIAutomation.PopulateMouseClickType.SingleClick\n""]",5.0,Verify the approval from higher management for business trip to Delhi.,Event_399,approvals/googlecalendar/msnweather,Approvals
4,Recording_82,Process_28,2022-01-10T09:13:06+00:00,Send keys,TextToSend:'{Return}',,,"['WAIT 2\n', ""MouseAndKeyboard.SendKeys TextToSend: '{Return}'\n""]",6.0,Verify the approval from higher management for business trip to Delhi.,Event_399,approvals/googlecalendar/msnweather,Approvals
5,Recording_82,Process_28,2022-01-10T09:13:09+00:00,Click UI element in window,Hyperlink 'Microsoft  ...  › en-in › log-in' in Window 'teams web -  ...  (Private Browsing)',firefox,teams web - Google Search — Mozilla Firefox (Private Browsing),"[""UIAutomation.Click Element: appmask['Window \\'teams web -  ...  (Private Browsing)\\'']['Hyperlink \\'Microsoft  ...  › en-in › log-in\\''] ClickType: UIAutomation.ClickType.LeftClick OffsetX: 57 OffsetY: -15 MousePositionRelativeToElement: UIAutomation.RectangleEdgePoint.BottomCenter\n""]",7.0,Verify the approval from higher management for business trip to Delhi.,Event_399,approvals/googlecalendar/msnweather,Approvals
6,Recording_82,Process_28,2022-01-10T09:13:14+00:00,Click UI element in window,Hyperlink 'Sign in and get started with Microsoft Teams' in Window 'Microsoft  ...  (Private Browsing)',firefox,Microsoft Teams Sign-In | Teams Login Page — Mozilla Firefox (Private Browsing),"[""UIAutomation.Click Element: appmask['Window \\'Microsoft  ...  (Private Browsing)\\'']['Hyperlink \\'Sign in and get started with Microsoft Teams\\''] ClickType: UIAutomation.ClickType.LeftClick OffsetX: 66 OffsetY: -3 MousePositionRelativeToElement: UIAutomation.RectangleEdgePoint.MiddleLeft\n""]",8.0,Verify the approval from higher management for business trip to Delhi.,Event_399,approvals/googlecalendar/msnweather,Approvals
7,Recording_82,Process_28,2022-01-10T09:13:33+00:00,Press button in window,Button 'Approvals Toolbar' in Window 'Microsoft  ...  (Private Browsing)' 2,firefox,Microsoft Teams — Mozilla Firefox (Private Browsing),"[""UIAutomation.PressButton Button: appmask['Window \\'Microsoft  ...  (Private Browsing)\\' 2']['Button \\'Approvals Toolbar\\'']\n""]",9.0,Verify the approval from higher management for business trip to Delhi.,Event_399,approvals/googlecalendar/msnweather,Approvals
8,Recording_82,Process_28,2022-01-10T09:13:41+00:00,Select tab in window,Tab Item 'Sent' in Window 'Microsoft  ...  (Private Browsing)' 2,firefox,Microsoft Teams — Mozilla Firefox (Private Browsing),"[""UIAutomation.SelectTab Tab: appmask['Window \\'Microsoft  ...  (Private Browsing)\\' 2']['Tab Item \\'Sent\\'']\n""]",10.0,Verify the approval from higher management for business trip to Delhi.,Event_399,approvals/googlecalendar/msnweather,Approvals
9,Recording_82,Process_28,2022-01-10T09:13:46+00:00,Click UI element in window,Data Item 'Business Trip' in Window 'Microsoft  ...  (Private Browsing)' 2,firefox,Microsoft Teams — Mozilla Firefox (Private Browsing),"[""UIAutomation.Click Element: appmask['Window \\'Microsoft  ...  (Private Browsing)\\' 2']['Data Item \\'Business Trip\\''] ClickType: UIAutomation.ClickType.LeftClick OffsetX: 73 OffsetY: -8 MousePositionRelativeToElement: UIAutomation.RectangleEdgePoint.MiddleLeft\n""]",11.0,Verify the approval from higher management for business trip to Delhi.,Event_399,approvals/googlecalendar/msnweather,Approvals
10,Recording_82,Process_28,2022-01-10T09:13:48+00:00,Click UI element in window,UI Custom in Window 'Microsoft  ...  (Private Browsing)' 2,firefox,Microsoft Teams — Mozilla Firefox (Private Browsing),"[""UIAutomation.Click Element: appmask['Window \\'Microsoft  ...  (Private Browsing)\\' 2']['UI Custom'] ClickType: UIAutomation.ClickType.LeftClick OffsetX: 61 OffsetY: -16 MousePositionRelativeToElement: UIAutomation.RectangleEdgePoint.BottomLeft\n""]",12.0,Verify the approval from higher management for business trip to Delhi.,Event_399,approvals/googlecalendar/msnweather,Approvals
11,Recording_82,Process_28,2022-01-10T09:13:53+00:00,Press button in window,"Button 'Open a new tab (Ctrl+T)' in Window 'Delhi, India  ...  (Private Browsing)'",firefox,"Delhi, India - Weather Forecasts | Maps | News - Yahoo Weather — Mozilla Firefox (Private Browsing)","[""UIAutomation.PressButton Button: appmask['Window \\'Delhi, India  ...  (Private Browsing)\\'']['Button \\'Open a new tab (Ctrl+T)\\'']\n""]",13.0,Go to calendar to check date as per national holidays.,Event_400,approvals/googlecalendar/msnweather,Googlecalendar
12,Recording_82,Process_28,2022-01-10T09:13:57+00:00,Populate text field in window,Edit 'Search with Google or enter address' in Window 'Mozilla Firefox (Private Browsing)'; Text:'calender',firefox,Mozilla Firefox (Private Browsing),"[""UIAutomation.PopulateTextField TextField: appmask['Window \\'Mozilla Firefox (Private Browsing)\\'']['Edit \\'Search with Google or enter address\\''] Text: 'calender' Mode: UIAutomation.PopulateTextMode.Replace ClickType: UIAutomation.PopulateMouseClickType.SingleClick\n""]",14.0,Go to calendar to check date as per national holidays.,Event_400,approvals/googlecalendar/msnweather,Googlecalendar
13,Recording_82,Process_28,2022-01-10T09:13:58+00:00,Send keys,TextToSend:'{Return}',,,"['WAIT 2\n', ""MouseAndKeyboard.SendKeys TextToSend: '{Return}'\n""]",15.0,Go to calendar to check date as per national holidays.,Event_400,approvals/googlecalendar/msnweather,Googlecalendar
14,Recording_82,Process_28,2022-01-10T09:14:02+00:00,Click UI element in window,Hyperlink 'Calendar  ...  › calendar' in Window 'calender -  ...  (Private Browsing)',firefox,calender - Google Search — Mozilla Firefox (Private Browsing),"[""UIAutomation.Click Element: appmask['Window \\'calender -  ...  (Private Browsing)\\'']['Hyperlink \\'Calendar  ...  › calendar\\''] ClickType: UIAutomation.ClickType.LeftClick OffsetX: 15 OffsetY: 0 MousePositionRelativeToElement: UIAutomation.RectangleEdgePoint.MiddleCenter\n""]",16.0,Go to calendar to check date as per national holidays.,Event_400,approvals/googlecalendar/msnweather,Googlecalendar
15,Recording_82,Process_28,2022-01-10T09:14:07+00:00,Click UI element in window,Hyperlink 'January' in Window 'Calendar 2022 — Mozilla Firefox (Private Browsing)',firefox,Calendar 2022 — Mozilla Firefox (Private Browsing),"[""UIAutomation.Click Element: appmask['Window \\'Calendar 2022 — Mozilla Firefox (Private Browsing)\\'']['Hyperlink \\'January\\''] ClickType: UIAutomation.ClickType.LeftClick OffsetX: 22 OffsetY: -3 MousePositionRelativeToElement: UIAutomation.RectangleEdgePoint.MiddleLeft\n""]",17.0,Schedule a date for trip.,Event_401,approvals/googlecalendar/msnweather,Googlecalendar
16,Recording_82,Process_28,2022-01-10T09:14:14+00:00,Click UI element in window,Edit '17' in Window 'January 2022  ...  (Private Browsing)',firefox,January 2022 Calendar – India — Mozilla Firefox (Private Browsing),"[""UIAutomation.Click Element: appmask['Window \\'January 2022  ...  (Private Browsing)\\'']['Edit \\'17\\''] ClickType: UIAutomation.ClickType.LeftClick OffsetX: 7 OffsetY: -2 MousePositionRelativeToElement: UIAutomation.RectangleEdgePoint.MiddleLeft\n""]",18.0,Schedule a date for trip.,Event_401,approvals/googlecalendar/msnweather,Googlecalendar
17,Recording_82,Process_28,2022-01-10T09:14:17+00:00,Press button in window,"Button 'Open a new tab (Ctrl+T)' in Window 'Delhi, India  ...  (Private Browsing)'",firefox,"Delhi, India - Weather Forecasts | Maps | News - Yahoo Weather — Mozilla Firefox (Private Browsing)","[""UIAutomation.PressButton Button: appmask['Window \\'Delhi, India  ...  (Private Browsing)\\'']['Button \\'Open a new tab (Ctrl+T)\\'']\n""]",19.0,Check weather for the desired location.,Event_402,approvals/googlecalendar/msnweather,msnweather
18,Recording_82,Process_28,2022-01-10T09:14:22+00:00,Populate text field in window,Edit 'Search with Google or enter address' in Window 'Mozilla Firefox (Private Browsing)'; Text:'weather',firefox,Mozilla Firefox (Private Browsing),"[""UIAutomation.PopulateTextField TextField: appmask['Window \\'Mozilla Firefox (Private Browsing)\\'']['Edit \\'Search with Google or enter address\\''] Text: 'weather' Mode: UIAutomation.PopulateTextMode.Replace ClickType: UIAutomation.PopulateMouseClickType.SingleClick\n""]",20.0,Check weather for the desired location.,Event_402,approvals/googlecalendar/msnweather,msnweather
19,Recording_82,Process_28,2022-01-10T09:14:23+00:00,Send keys,TextToSend:'{Return}',,,"['WAIT 2\n', ""MouseAndKeyboard.SendKeys TextToSend: '{Return}'\n""]",21.0,Check weather for the desired location.,Event_402,approvals/googlecalendar/msnweather,msnweather
20,Recording_82,Process_28,2022-01-10T09:14:29+00:00,Click UI element in window,Edit ' › ... › India › Gujarat' in Window 'weather -  ...  (Private Browsing)',firefox,weather - Google Search — Mozilla Firefox (Private Browsing),"[""UIAutomation.Click Element: appmask['Window \\'weather -  ...  (Private Browsing)\\'']['Edit \\' › ... › India › Gujarat\\''] ClickType: UIAutomation.ClickType.LeftClick OffsetX: 37 OffsetY: -2 MousePositionRelativeToElement: UIAutomation.RectangleEdgePoint.BottomLeft\n""]",22.0,Check weather for the desired location.,Event_402,approvals/googlecalendar/msnweather,msnweather
21,Recording_82,Process_28,2022-01-10T09:14:42+00:00,Populate text field in window,"Edit 'Search' in Window 'Vadodara,  ...  (Private Browsing)'; Text:'delhi'",firefox,"Vadodara, Gujarat, India Today, Tonight & Tomorrow's Weather Forecast | AccuWeather — Mozilla Firefox (Private Browsing)","[""UIAutomation.PopulateTextField TextField: appmask['Window \\'Vadodara,  ...  (Private Browsing)\\'']['Edit \\'Search\\''] Text: 'delhi' Mode: UIAutomation.PopulateTextMode.Replace ClickType: UIAutomation.PopulateMouseClickType.SingleClick\n""]",23.0,Check weather for the desired location.,Event_402,approvals/googlecalendar/msnweather,msnweather
22,Recording_82,Process_28,2022-01-10T09:14:46+00:00,Click UI element in window,"Edit 'Delhi, Delhi, IN' in Window 'Vadodara,  ...  (Private Browsing)'",firefox,"Vadodara, Gujarat, India Today, Tonight & Tomorrow's Weather Forecast | AccuWeather — Mozilla Firefox (Private Browsing)","[""UIAutomation.Click Element: appmask['Window \\'Vadodara,  ...  (Private Browsing)\\'']['Edit \\'Delhi, Delhi, IN\\''] ClickType: UIAutomation.ClickType.LeftClick OffsetX: -26 OffsetY: 2 MousePositionRelativeToElement: UIAutomation.RectangleEdgePoint.TopRight\n""]",24.0,Check weather for the desired location.,Event_402,approvals/googlecalendar/msnweather,msnweather
23,Recording_82,Process_28,2022-01-10T09:14:52+00:00,Click UI element in window,"Edit 'MONTHLY' in Window 'Delhi,  ...  (Private Browsing)'",firefox,"Delhi, Delhi, India Today, Tonight & Tomorrow's Weather Forecast | AccuWeather — Mozilla Firefox (Private Browsing)","[""UIAutomation.Click Element: appmask['Window \\'Delhi,  ...  (Private Browsing)\\'']['Edit \\'MONTHLY\\''] ClickType: UIAutomation.ClickType.LeftClick OffsetX: -18 OffsetY: 4 MousePositionRelativeToElement: UIAutomation.RectangleEdgePoint.TopRight\n""]",25.0,Check weather for the desired location.,Event_402,approvals/googlecalendar/msnweather,msnweather
24,Recording_82,Process_28,2022-01-10T09:15:22+00:00,Click UI element in window,"Hyperlink '17 Cloudy most of the time 19° 6°' in Window 'Delhi,  ...  (Private Browsing)' 2",firefox,"Delhi, Delhi, India Monthly Weather | AccuWeather — Mozilla Firefox (Private Browsing)","[""UIAutomation.Click Element: appmask['Window \\'Delhi,  ...  (Private Browsing)\\' 2']['Hyperlink \\'17 Cloudy most of the time 19° 6°\\''] ClickType: UIAutomation.ClickType.LeftClick OffsetX: -28 OffsetY: 22 MousePositionRelativeToElement: UIAutomation.RectangleEdgePoint.TopRight\n"", '# End of autogenerated actions using the desktop recorder\n']",,Check weather for the desired location.,Event_402,approvals/googlecalendar/msnweather,msnweather
0,Recording_75,Process_28,2022-01-10T09:33:49+00:00,Press button in window,Microsoft Teams - 1 running window in Quick Launch Bar,,,"[""UIAutomation.PressButton Button: appmask['Quick Launch Bar']['Microsoft Teams - 1 running window']\n""]",2.0,Check for the approval received from manangermnet for the business trip.,Event_372,approvals/googlecalendar/msnweather,Approvals
1,Recording_75,Process_28,2022-01-10T09:33:52+00:00,Select menu option in window,"Menu Item 'More added apps Toolbar' in Pane 'General  ...  Teams, Main Window'",Teams,"General (Project RoadMap) | Microsoft Teams, Main Window","[""UIAutomation.SelectMenuOption Control: appmask['Pane \\'General  ...  Teams, Main Window\\'']['Menu Item \\'More added apps Toolbar\\'']\n""]",3.0,Check for the approval received from manangermnet for the business trip.,Event_372,approvals/googlecalendar/msnweather,Approvals
2,Recording_75,Process_28,2022-01-10T09:33:58+00:00,Click UI element in window,"List Item 'Approvals  ...  more actions' in Pane 'General  ...  Teams, Main Window'",Teams,"General (Project RoadMap) | Microsoft Teams, Main Window","[""UIAutomation.Click Element: appmask['Pane \\'General  ...  Teams, Main Window\\'']['List Item \\'Approvals  ...  more actions\\''] ClickType: UIAutomation.ClickType.LeftClick OffsetX: -10 OffsetY: -3 MousePositionRelativeToElement: UIAutomation.RectangleEdgePoint.MiddleRight\n""]",4.0,Check for the approval received from manangermnet for the business trip.,Event_372,approvals/googlecalendar/msnweather,Approvals
3,Recording_75,Process_28,2022-01-10T09:34:04+00:00,Select tab in window,"Tab Item 'Sent' in Pane 'General  ...  Teams, Main Window'",Teams,"General (Project RoadMap) | Microsoft Teams, Main Window","[""UIAutomation.SelectTab Tab: appmask['Pane \\'General  ...  Teams, Main Window\\'']['Tab Item \\'Sent\\'']\n""]",5.0,Check for the approval received from manangermnet for the business trip.,Event_372,approvals/googlecalendar/msnweather,Approvals
4,Recording_75,Process_28,2022-01-10T09:34:09+00:00,Click UI element in window,"Data Item 'Buisness trip to delhi' in Pane 'General  ...  Teams, Main Window'",Teams,"General (Project RoadMap) | Microsoft Teams, Main Window","[""UIAutomation.Click Element: appmask['Pane \\'General  ...  Teams, Main Window\\'']['Data Item \\'Buisness trip to delhi\\''] ClickType: UIAutomation.ClickType.LeftClick OffsetX: 38 OffsetY: 3 MousePositionRelativeToElement: UIAutomation.RectangleEdgePoint.MiddleCenter\n""]",6.0,Check for the approval received from manangermnet for the business trip.,Event_372,approvals/googlecalendar/msnweather,Approvals
5,Recording_75,Process_28,2022-01-10T09:34:14+00:00,Click UI element in window,"Group in Pane 'General  ...  Teams, Main Window'",Teams,"General (Project RoadMap) | Microsoft Teams, Main Window","[""UIAutomation.Click Element: appmask['Pane \\'General  ...  Teams, Main Window\\'']['Group'] ClickType: UIAutomation.ClickType.LeftClick OffsetX: 121 OffsetY: 30 MousePositionRelativeToElement: UIAutomation.RectangleEdgePoint.TopLeft\n""]",7.0,Check for the approval received from manangermnet for the business trip.,Event_372,approvals/googlecalendar/msnweather,Approvals
6,Recording_75,Process_28,2022-01-10T09:34:26+00:00,Press button in window,Outlook 2013 - 1 running window in Quick Launch Bar,,,"[""UIAutomation.PressButton Button: appmask['Quick Launch Bar']['Outlook 2013 - 1 running window']\n""]",8.0,Check for the suitable dates in calendar,Event_373,approvals/googlecalendar/msnweather,Googlecalendar
7,Recording_75,Process_28,2022-01-10T09:34:35+00:00,Click UI element in window,"List 'Month View,  ...  6, 2022 12:00am' in Window 'Calendar - Email@Domain - Outlook'",OUTLOOK,Calendar - Email@Domain - Outlook,"[""UIAutomation.Click Element: appmask['Window \\'Calendar - Email@Domain - Outlook\\'']['List \\'Month View,  ...  6, 2022 12:00am\\''] ClickType: UIAutomation.ClickType.LeftClick OffsetX: 125 OffsetY: -40 MousePositionRelativeToElement: UIAutomation.RectangleEdgePoint.MiddleCenter\n""]",9.0,Schedule the trip date.,Event_374,approvals/googlecalendar/msnweather,Googlecalendar
8,Recording_75,Process_28,2022-01-10T09:34:41+00:00,Press button in window,Microsoft Edge (2) - 1 running window in Quick Launch Bar,,,"[""UIAutomation.PressButton Button: appmask['Quick Launch Bar']['Microsoft Edge (2) - 1 running window']\n""]",10.0,Verify the weather of trip date.,Event_375,approvals/googlecalendar/msnweather,msnweather
9,Recording_75,Process_28,2022-01-10T09:34:43+00:00,Press button in window,Button 'New Tab' in Window 'Process  ...  - Microsoft​ Edge',msedge,Process advisor | Power Automate - Personal - Microsoft​ Edge,"[""UIAutomation.PressButton Button: appmask['Window \\'Process  ...  - Microsoft\u200b Edge\\'']['Button \\'New Tab\\'']\n""]",11.0,Verify the weather of trip date.,Event_375,approvals/googlecalendar/msnweather,msnweather
10,Recording_75,Process_28,2022-01-10T09:34:47+00:00,Populate text field in window,Edit 'Address and search bar' in Window 'New tab and  ...  - Microsoft​ Edge'; Text:'weather.com',msedge,New tab and 1 more page - Personal - Microsoft​ Edge,"[""UIAutomation.PopulateTextField TextField: appmask['Window \\'New tab and  ...  - Microsoft\u200b Edge\\'']['Edit \\'Address and search bar\\''] Text: 'weather.com' Mode: UIAutomation.PopulateTextMode.Replace ClickType: UIAutomation.PopulateMouseClickType.SingleClick\n""]",12.0,Verify the weather of trip date.,Event_375,approvals/googlecalendar/msnweather,msnweather
11,Recording_75,Process_28,2022-01-10T09:34:48+00:00,Send keys,TextToSend:'{Return}',,,"['WAIT 2\n', ""MouseAndKeyboard.SendKeys TextToSend: '{Return}'\n""]",13.0,Verify the weather of trip date.,Event_375,approvals/googlecalendar/msnweather,msnweather
12,Recording_75,Process_28,2022-01-10T09:35:02+00:00,Populate text field in window,Edit 'Search City or Postcode' in Window 'National and  ...  - Microsoft​ Edge'; Text:'delhi',msedge,"National and Local Weather Radar, Daily Forecast, Hurricane and Usernamermation from The Weather Channel and weather.com and 1 more page - Personal - Microsoft​ Edge","[""UIAutomation.PopulateTextField TextField: appmask['Window \\'National and  ...  - Microsoft\u200b Edge\\'']['Edit \\'Search City or Postcode\\''] Text: 'delhi' Mode: UIAutomation.PopulateTextMode.Replace ClickType: UIAutomation.PopulateMouseClickType.SingleClick\n""]",14.0,Verify the weather of trip date.,Event_375,approvals/googlecalendar/msnweather,msnweather
13,Recording_75,Process_28,2022-01-10T09:35:14+00:00,Click UI element in window,List Item 'Delhi' in Window 'National and  ...  - Microsoft​ Edge',msedge,"National and Local Weather Radar, Daily Forecast, Hurricane and Usernamermation from The Weather Channel and weather.com and 1 more page - Personal - Microsoft​ Edge","[""UIAutomation.Click Element: appmask['Window \\'National and  ...  - Microsoft\u200b Edge\\'']['List Item \\'Delhi\\''] ClickType: UIAutomation.ClickType.LeftClick OffsetX: 80 OffsetY: -5 MousePositionRelativeToElement: UIAutomation.RectangleEdgePoint.MiddleLeft\n""]",15.0,Verify the weather of trip date.,Event_375,approvals/googlecalendar/msnweather,msnweather
14,Recording_75,Process_28,2022-01-10T09:35:21+00:00,Click UI element in window,Hyperlink 'Monthly' in Window 'DelhiWeather  ...  - Microsoft​ Edge',msedge,DelhiWeather Forecast and Conditions - The Weather Channel | Weather.com and 1 more page - Personal - Microsoft​ Edge,"[""UIAutomation.Click Element: appmask['Window \\'DelhiWeather  ...  - Microsoft\u200b Edge\\'']['Hyperlink \\'Monthly\\''] ClickType: UIAutomation.ClickType.LeftClick OffsetX: -5 OffsetY: 4 MousePositionRelativeToElement: UIAutomation.RectangleEdgePoint.MiddleCenter\n""]",16.0,Verify the weather of trip date.,Event_375,approvals/googlecalendar/msnweather,msnweather
15,Recording_75,Process_28,2022-01-10T09:35:24+00:00,Click UI element in window,Text 'Close' in Window 'DelhiWeather  ...  - Microsoft​ Edge',msedge,DelhiWeather Forecast and Conditions - The Weather Channel | Weather.com and 1 more page - Personal - Microsoft​ Edge,"[""UIAutomation.Click Element: appmask['Window \\'DelhiWeather  ...  - Microsoft\u200b Edge\\'']['Text \\'Close\\''] ClickType: UIAutomation.ClickType.LeftClick OffsetX: -8 OffsetY: 1 MousePositionRelativeToElement: UIAutomation.RectangleEdgePoint.MiddleRight\n""]",17.0,Verify the weather of trip date.,Event_375,approvals/googlecalendar/msnweather,msnweather
16,Recording_75,Process_28,2022-01-10T09:35:31+00:00,Press button in window,Button '13 19° 8°' in Window 'Delhi  ...  - Microsoft​ Edge',msedge,Delhi Monthly Weather Forecast - weather.com and 1 more page - Personal - Microsoft​ Edge,"[""UIAutomation.PressButton Button: appmask['Window \\'Delhi  ...  - Microsoft\u200b Edge\\'']['Button \\'13 19° 8°\\'']\n""]",,Verify the weather of trip date.,Event_375,approvals/googlecalendar/msnweather,msnweather
